{"cameraMode":{"drawMode":0,"name":"Shaded","section":"Shading Mode"},"sceneLighting":false,"audioPlay":false,"sceneViewState":{"showFog":true,"showMaterialUpdate":false,"showSkybox":true,"showFlares":true,"showImageEffects":true,"showParticleSystems":true},"in2DMode":false,"pivot":{"x":-0.0000026226043701171877,"y":0.5,"z":-0.0000152587890625},"rotation":{"x":-0.21254783868789674,"y":-0.774682343006134,"z":0.333753764629364,"w":-0.49328017234802248},"size":14.337078094482422,"orthographic":false}