{"cameraMode":{"drawMode":0,"name":"Shaded","section":"Shading Mode"},"sceneLighting":false,"audioPlay":false,"sceneViewState":{"showFog":true,"showMaterialUpdate":false,"showSkybox":true,"showFlares":true,"showImageEffects":true,"showParticleSystems":true},"in2DMode":false,"pivot":{"x":-2.689803123474121,"y":2.5937752723693849,"z":65.56863403320313},"rotation":{"x":-0.03181338310241699,"y":-0.6590157151222229,"z":0.02787504903972149,"w":-0.7509570717811585},"size":2.3825385570526125,"orthographic":false}